x,y,z,block,state,phase
0,64,0,minecraft:stone_bricks,"{}","main: foundation"
1,64,0,minecraft:stone_bricks,"{}","main: foundation"
2,64,0,minecraft:stone_bricks,"{}","main: foundation"
3,64,0,minecraft:stone_bricks,"{}","main: foundation"
4,64,0,minecraft:stone_bricks,"{}","main: foundation"
5,64,0,minecraft:stone_bricks,"{}","main: foundation"
6,64,0,minecraft:stone_bricks,"{}","main: foundation"
7,64,0,minecraft:stone_bricks,"{}","main: foundation"
8,64,0,minecraft:stone_bricks,"{}","main: foundation"
9,64,0,minecraft:stone_bricks,"{}","main: foundation"
10,64,0,minecraft:stone_bricks,"{}","main: foundation"
11,64,0,minecraft:stone_bricks,"{}","main: foundation"
12,64,0,minecraft:stone_bricks,"{}","main: foundation"
13,64,0,minecraft:stone_bricks,"{}","main: foundation"
14,64,0,minecraft:stone_bricks,"{}","main: foundation"
15,64,0,minecraft:stone_bricks,"{}","main: foundation"
16,64,0,minecraft:stone_bricks,"{}","main: foundation"
0,64,1,minecraft:stone_bricks,"{}","main: foundation"
1,64,1,minecraft:stone_bricks,"{}","main: foundation"
2,64,1,minecraft:stone_bricks,"{}","main: foundation"
3,64,1,minecraft:stone_bricks,"{}","main: foundation"
4,64,1,minecraft:stone_bricks,"{}","main: foundation"
5,64,1,minecraft:stone_bricks,"{}","main: foundation"
6,64,1,minecraft:stone_bricks,"{}","main: foundation"
7,64,1,minecraft:stone_bricks,"{}","main: foundation"
8,64,1,minecraft:stone_bricks,"{}","main: foundation"
9,64,1,minecraft:stone_bricks,"{}","main: foundation"
10,64,1,minecraft:stone_bricks,"{}","main: foundation"
11,64,1,minecraft:stone_bricks,"{}","main: foundation"
12,64,1,minecraft:stone_bricks,"{}","main: foundation"
13,64,1,minecraft:stone_bricks,"{}","main: foundation"
14,64,1,minecraft:stone_bricks,"{}","main: foundation"
15,64,1,minecraft:stone_bricks,"{}","main: foundation"
16,64,1,minecraft:stone_bricks,"{}","main: foundation"
0,64,2,minecraft:stone_bricks,"{}","main: foundation"
1,64,2,minecraft:stone_bricks,"{}","main: foundation"
2,64,2,minecraft:stone_bricks,"{}","main: foundation"
3,64,2,minecraft:stone_bricks,"{}","main: foundation"
4,64,2,minecraft:stone_bricks,"{}","main: foundation"
5,64,2,minecraft:stone_bricks,"{}","main: foundation"
6,64,2,minecraft:stone_bricks,"{}","main: foundation"
7,64,2,minecraft:stone_bricks,"{}","main: foundation"
8,64,2,minecraft:stone_bricks,"{}","main: foundation"
9,64,2,minecraft:stone_bricks,"{}","main: foundation"
10,64,2,minecraft:stone_bricks,"{}","main: foundation"
11,64,2,minecraft:stone_bricks,"{}","main: foundation"
12,64,2,minecraft:stone_bricks,"{}","main: foundation"
13,64,2,minecraft:stone_bricks,"{}","main: foundation"
14,64,2,minecraft:stone_bricks,"{}","main: foundation"
15,64,2,minecraft:stone_bricks,"{}","main: foundation"
16,64,2,minecraft:stone_bricks,"{}","main: foundation"
0,64,3,minecraft:stone_bricks,"{}","main: foundation"
1,64,3,minecraft:stone_bricks,"{}","main: foundation"
2,64,3,minecraft:stone_bricks,"{}","main: foundation"
3,64,3,minecraft:stone_bricks,"{}","main: foundation"
4,64,3,minecraft:stone_bricks,"{}","main: foundation"
5,64,3,minecraft:stone_bricks,"{}","main: foundation"
6,64,3,minecraft:stone_bricks,"{}","main: foundation"
7,64,3,minecraft:stone_bricks,"{}","main: foundation"
8,64,3,minecraft:stone_bricks,"{}","main: foundation"
9,64,3,minecraft:stone_bricks,"{}","main: foundation"
10,64,3,minecraft:stone_bricks,"{}","main: foundation"
11,64,3,minecraft:stone_bricks,"{}","main: foundation"
12,64,3,minecraft:stone_bricks,"{}","main: foundation"
13,64,3,minecraft:stone_bricks,"{}","main: foundation"
14,64,3,minecraft:stone_bricks,"{}","main: foundation"
15,64,3,minecraft:stone_bricks,"{}","main: foundation"
16,64,3,minecraft:stone_bricks,"{}","main: foundation"
0,64,4,minecraft:stone_bricks,"{}","main: foundation"
1,64,4,minecraft:stone_bricks,"{}","main: foundation"
2,64,4,minecraft:stone_bricks,"{}","main: foundation"
3,64,4,minecraft:stone_bricks,"{}","main: foundation"
4,64,4,minecraft:stone_bricks,"{}","main: foundation"
5,64,4,minecraft:stone_bricks,"{}","main: foundation"
6,64,4,minecraft:stone_bricks,"{}","main: foundation"
7,64,4,minecraft:stone_bricks,"{}","main: foundation"
8,64,4,minecraft:stone_bricks,"{}","main: foundation"
9,64,4,minecraft:stone_bricks,"{}","main: foundation"
10,64,4,minecraft:stone_bricks,"{}","main: foundation"
11,64,4,minecraft:stone_bricks,"{}","main: foundation"
12,64,4,minecraft:stone_bricks,"{}","main: foundation"
13,64,4,minecraft:stone_bricks,"{}","main: foundation"
14,64,4,minecraft:stone_bricks,"{}","main: foundation"
15,64,4,minecraft:stone_bricks,"{}","main: foundation"
16,64,4,minecraft:stone_bricks,"{}","main: foundation"
0,64,5,minecraft:stone_bricks,"{}","main: foundation"
1,64,5,minecraft:stone_bricks,"{}","main: foundation"
2,64,5,minecraft:stone_bricks,"{}","main: foundation"
3,64,5,minecraft:stone_bricks,"{}","main: foundation"
4,64,5,minecraft:stone_bricks,"{}","main: foundation"
5,64,5,minecraft:stone_bricks,"{}","main: foundation"
6,64,5,minecraft:stone_bricks,"{}","main: foundation"
7,64,5,minecraft:stone_bricks,"{}","main: foundation"
8,64,5,minecraft:stone_bricks,"{}","main: foundation"
9,64,5,minecraft:stone_bricks,"{}","main: foundation"
10,64,5,minecraft:stone_bricks,"{}","main: foundation"
11,64,5,minecraft:stone_bricks,"{}","main: foundation"
12,64,5,minecraft:stone_bricks,"{}","main: foundation"
13,64,5,minecraft:stone_bricks,"{}","main: foundation"
14,64,5,minecraft:stone_bricks,"{}","main: foundation"
15,64,5,minecraft:stone_bricks,"{}","main: foundation"
16,64,5,minecraft:stone_bricks,"{}","main: foundation"
0,64,6,minecraft:stone_bricks,"{}","main: foundation"
1,64,6,minecraft:stone_bricks,"{}","main: foundation"
2,64,6,minecraft:stone_bricks,"{}","main: foundation"
3,64,6,minecraft:stone_bricks,"{}","main: foundation"
4,64,6,minecraft:stone_bricks,"{}","main: foundation"
5,64,6,minecraft:stone_bricks,"{}","main: foundation"
6,64,6,minecraft:stone_bricks,"{}","main: foundation"
7,64,6,minecraft:stone_bricks,"{}","main: foundation"
8,64,6,minecraft:stone_bricks,"{}","main: foundation"
9,64,6,minecraft:stone_bricks,"{}","main: foundation"
10,64,6,minecraft:stone_bricks,"{}","main: foundation"
11,64,6,minecraft:stone_bricks,"{}","main: foundation"
12,64,6,minecraft:stone_bricks,"{}","main: foundation"
13,64,6,minecraft:stone_bricks,"{}","main: foundation"
14,64,6,minecraft:stone_bricks,"{}","main: foundation"
15,64,6,minecraft:stone_bricks,"{}","main: foundation"
16,64,6,minecraft:stone_bricks,"{}","main: foundation"
0,64,7,minecraft:stone_bricks,"{}","main: foundation"
1,64,7,minecraft:stone_bricks,"{}","main: foundation"
2,64,7,minecraft:stone_bricks,"{}","main: foundation"
3,64,7,minecraft:stone_bricks,"{}","main: foundation"
4,64,7,minecraft:stone_bricks,"{}","main: foundation"
5,64,7,minecraft:stone_bricks,"{}","main: foundation"
6,64,7,minecraft:stone_bricks,"{}","main: foundation"
7,64,7,minecraft:stone_bricks,"{}","main: foundation"
8,64,7,minecraft:stone_bricks,"{}","main: foundation"
9,64,7,minecraft:stone_bricks,"{}","main: foundation"
10,64,7,minecraft:stone_bricks,"{}","main: foundation"
11,64,7,minecraft:stone_bricks,"{}","main: foundation"
12,64,7,minecraft:stone_bricks,"{}","main: foundation"
13,64,7,minecraft:stone_bricks,"{}","main: foundation"
14,64,7,minecraft:stone_bricks,"{}","main: foundation"
15,64,7,minecraft:stone_bricks,"{}","main: foundation"
16,64,7,minecraft:stone_bricks,"{}","main: foundation"
0,64,8,minecraft:stone_bricks,"{}","main: foundation"
1,64,8,minecraft:stone_bricks,"{}","main: foundation"
2,64,8,minecraft:stone_bricks,"{}","main: foundation"
3,64,8,minecraft:stone_bricks,"{}","main: foundation"
4,64,8,minecraft:stone_bricks,"{}","main: foundation"
5,64,8,minecraft:stone_bricks,"{}","main: foundation"
6,64,8,minecraft:stone_bricks,"{}","main: foundation"
7,64,8,minecraft:stone_bricks,"{}","main: foundation"
8,64,8,minecraft:stone_bricks,"{}","main: foundation"
9,64,8,minecraft:stone_bricks,"{}","main: foundation"
10,64,8,minecraft:stone_bricks,"{}","main: foundation"
11,64,8,minecraft:stone_bricks,"{}","main: foundation"
12,64,8,minecraft:stone_bricks,"{}","main: foundation"
13,64,8,minecraft:stone_bricks,"{}","main: foundation"
14,64,8,minecraft:stone_bricks,"{}","main: foundation"
15,64,8,minecraft:stone_bricks,"{}","main: foundation"
16,64,8,minecraft:stone_bricks,"{}","main: foundation"
0,64,9,minecraft:stone_bricks,"{}","main: foundation"
1,64,9,minecraft:stone_bricks,"{}","main: foundation"
2,64,9,minecraft:stone_bricks,"{}","main: foundation"
3,64,9,minecraft:stone_bricks,"{}","main: foundation"
4,64,9,minecraft:stone_bricks,"{}","main: foundation"
5,64,9,minecraft:stone_bricks,"{}","main: foundation"
6,64,9,minecraft:stone_bricks,"{}","main: foundation"
7,64,9,minecraft:stone_bricks,"{}","main: foundation"
8,64,9,minecraft:stone_bricks,"{}","main: foundation"
9,64,9,minecraft:stone_bricks,"{}","main: foundation"
10,64,9,minecraft:stone_bricks,"{}","main: foundation"
11,64,9,minecraft:stone_bricks,"{}","main: foundation"
12,64,9,minecraft:stone_bricks,"{}","main: foundation"
13,64,9,minecraft:stone_bricks,"{}","main: foundation"
14,64,9,minecraft:stone_bricks,"{}","main: foundation"
15,64,9,minecraft:stone_bricks,"{}","main: foundation"
16,64,9,minecraft:stone_bricks,"{}","main: foundation"
0,64,10,minecraft:stone_bricks,"{}","main: foundation"
1,64,10,minecraft:stone_bricks,"{}","main: foundation"
2,64,10,minecraft:stone_bricks,"{}","main: foundation"
3,64,10,minecraft:stone_bricks,"{}","main: foundation"
4,64,10,minecraft:stone_bricks,"{}","main: foundation"
5,64,10,minecraft:stone_bricks,"{}","main: foundation"
6,64,10,minecraft:stone_bricks,"{}","main: foundation"
7,64,10,minecraft:stone_bricks,"{}","main: foundation"
8,64,10,minecraft:stone_bricks,"{}","main: foundation"
9,64,10,minecraft:stone_bricks,"{}","main: foundation"
10,64,10,minecraft:stone_bricks,"{}","main: foundation"
11,64,10,minecraft:stone_bricks,"{}","main: foundation"
12,64,10,minecraft:stone_bricks,"{}","main: foundation"
13,64,10,minecraft:stone_bricks,"{}","main: foundation"
14,64,10,minecraft:stone_bricks,"{}","main: foundation"
15,64,10,minecraft:stone_bricks,"{}","main: foundation"
16,64,10,minecraft:stone_bricks,"{}","main: foundation"
0,64,11,minecraft:stone_bricks,"{}","main: foundation"
1,64,11,minecraft:stone_bricks,"{}","main: foundation"
2,64,11,minecraft:stone_bricks,"{}","main: foundation"
3,64,11,minecraft:stone_bricks,"{}","main: foundation"
4,64,11,minecraft:stone_bricks,"{}","main: foundation"
5,64,11,minecraft:stone_bricks,"{}","main: foundation"
6,64,11,minecraft:stone_bricks,"{}","main: foundation"
7,64,11,minecraft:stone_bricks,"{}","main: foundation"
8,64,11,minecraft:stone_bricks,"{}","main: foundation"
9,64,11,minecraft:stone_bricks,"{}","main: foundation"
10,64,11,minecraft:stone_bricks,"{}","main: foundation"
11,64,11,minecraft:stone_bricks,"{}","main: foundation"
12,64,11,minecraft:stone_bricks,"{}","main: foundation"
13,64,11,minecraft:stone_bricks,"{}","main: foundation"
14,64,11,minecraft:stone_bricks,"{}","main: foundation"
15,64,11,minecraft:stone_bricks,"{}","main: foundation"
16,64,11,minecraft:stone_bricks,"{}","main: foundation"
0,64,12,minecraft:stone_bricks,"{}","main: foundation"
1,64,12,minecraft:stone_bricks,"{}","main: foundation"
2,64,12,minecraft:stone_bricks,"{}","main: foundation"
3,64,12,minecraft:stone_bricks,"{}","main: foundation"
4,64,12,minecraft:stone_bricks,"{}","main: foundation"
5,64,12,minecraft:stone_bricks,"{}","main: foundation"
6,64,12,minecraft:stone_bricks,"{}","main: foundation"
7,64,12,minecraft:stone_bricks,"{}","main: foundation"
8,64,12,minecraft:stone_bricks,"{}","main: foundation"
9,64,12,minecraft:stone_bricks,"{}","main: foundation"
10,64,12,minecraft:stone_bricks,"{}","main: foundation"
11,64,12,minecraft:stone_bricks,"{}","main: foundation"
12,64,12,minecraft:stone_bricks,"{}","main: foundation"
13,64,12,minecraft:stone_bricks,"{}","main: foundation"
14,64,12,minecraft:stone_bricks,"{}","main: foundation"
15,64,12,minecraft:stone_bricks,"{}","main: foundation"
16,64,12,minecraft:stone_bricks,"{}","main: foundation"
0,65,0,minecraft:spruce_planks,"{}","main: floor"
1,65,0,minecraft:spruce_slab,"{""type"":""bottom"",""waterlogged"":false}","porch"
2,65,0,minecraft:spruce_slab,"{""type"":""bottom"",""waterlogged"":false}","porch"
3,65,0,minecraft:spruce_slab,"{""type"":""bottom"",""waterlogged"":false}","porch"
4,65,0,minecraft:spruce_slab,"{""type"":""bottom"",""waterlogged"":false}","porch"
5,65,0,minecraft:spruce_slab,"{""type"":""bottom"",""waterlogged"":false}","porch"
6,65,0,minecraft:spruce_slab,"{""type"":""bottom"",""waterlogged"":false}","porch"
7,65,0,minecraft:spruce_slab,"{""type"":""bottom"",""waterlogged"":false}","porch"
8,65,0,minecraft:spruce_slab,"{""type"":""bottom"",""waterlogged"":false}","porch"
9,65,0,minecraft:spruce_slab,"{""type"":""bottom"",""waterlogged"":false}","porch"
10,65,0,minecraft:spruce_slab,"{""type"":""bottom"",""waterlogged"":false}","porch"
11,65,0,minecraft:spruce_slab,"{""type"":""bottom"",""waterlogged"":false}","porch"
12,65,0,minecraft:spruce_slab,"{""type"":""bottom"",""waterlogged"":false}","porch"
13,65,0,minecraft:spruce_slab,"{""type"":""bottom"",""waterlogged"":false}","porch"
14,65,0,minecraft:spruce_slab,"{""type"":""bottom"",""waterlogged"":false}","porch"
15,65,0,minecraft:spruce_slab,"{""type"":""bottom"",""waterlogged"":false}","porch"
16,65,0,minecraft:spruce_planks,"{}","main: floor"
0,65,1,minecraft:spruce_planks,"{}","main: floor"
1,65,1,minecraft:spruce_planks,"{}","main: floor"
2,65,1,minecraft:spruce_planks,"{}","main: floor"
3,65,1,minecraft:spruce_planks,"{}","main: floor"
4,65,1,minecraft:spruce_planks,"{}","main: floor"
5,65,1,minecraft:spruce_planks,"{}","main: floor"
6,65,1,minecraft:spruce_planks,"{}","main: floor"
7,65,1,minecraft:spruce_planks,"{}","main: floor"
8,65,1,minecraft:spruce_planks,"{}","main: floor"
9,65,1,minecraft:spruce_planks,"{}","main: floor"
10,65,1,minecraft:spruce_planks,"{}","main: floor"
11,65,1,minecraft:spruce_planks,"{}","main: floor"
12,65,1,minecraft:spruce_planks,"{}","main: floor"
13,65,1,minecraft:spruce_planks,"{}","main: floor"
14,65,1,minecraft:spruce_planks,"{}","main: floor"
15,65,1,minecraft:spruce_planks,"{}","main: floor"
16,65,1,minecraft:spruce_planks,"{}","main: floor"
0,65,2,minecraft:spruce_planks,"{}","main: floor"
1,65,2,minecraft:spruce_planks,"{}","main: floor"
2,65,2,minecraft:spruce_planks,"{}","main: floor"
3,65,2,minecraft:spruce_planks,"{}","main: floor"
4,65,2,minecraft:spruce_planks,"{}","main: floor"
5,65,2,minecraft:spruce_planks,"{}","main: floor"
6,65,2,minecraft:spruce_planks,"{}","main: floor"
7,65,2,minecraft:spruce_planks,"{}","main: floor"
8,65,2,minecraft:spruce_planks,"{}","main: floor"
9,65,2,minecraft:spruce_planks,"{}","main: floor"
10,65,2,minecraft:spruce_planks,"{}","main: floor"
11,65,2,minecraft:spruce_planks,"{}","main: floor"
12,65,2,minecraft:spruce_planks,"{}","main: floor"
13,65,2,minecraft:spruce_planks,"{}","main: floor"
14,65,2,minecraft:spruce_planks,"{}","main: floor"
15,65,2,minecraft:spruce_planks,"{}","main: floor"
16,65,2,minecraft:spruce_planks,"{}","main: floor"
0,65,3,minecraft:spruce_planks,"{}","main: floor"
1,65,3,minecraft:spruce_planks,"{}","main: floor"
2,65,3,minecraft:spruce_planks,"{}","main: floor"
3,65,3,minecraft:spruce_planks,"{}","main: floor"
4,65,3,minecraft:spruce_planks,"{}","main: floor"
5,65,3,minecraft:spruce_planks,"{}","main: floor"
6,65,3,minecraft:spruce_planks,"{}","main: floor"
7,65,3,minecraft:spruce_planks,"{}","main: floor"
8,65,3,minecraft:spruce_planks,"{}","main: floor"
9,65,3,minecraft:spruce_planks,"{}","main: floor"
10,65,3,minecraft:spruce_planks,"{}","main: floor"
11,65,3,minecraft:spruce_planks,"{}","main: floor"
12,65,3,minecraft:spruce_planks,"{}","main: floor"
13,65,3,minecraft:spruce_planks,"{}","main: floor"
14,65,3,minecraft:spruce_planks,"{}","main: floor"
15,65,3,minecraft:spruce_planks,"{}","main: floor"
16,65,3,minecraft:spruce_planks,"{}","main: floor"
0,65,4,minecraft:spruce_planks,"{}","main: floor"
1,65,4,minecraft:spruce_planks,"{}","main: floor"
2,65,4,minecraft:spruce_planks,"{}","main: floor"
3,65,4,minecraft:spruce_planks,"{}","main: floor"
4,65,4,minecraft:spruce_planks,"{}","main: floor"
5,65,4,minecraft:spruce_planks,"{}","main: floor"
6,65,4,minecraft:spruce_planks,"{}","main: floor"
7,65,4,minecraft:spruce_planks,"{}","main: floor"
8,65,4,minecraft:spruce_planks,"{}","main: floor"
9,65,4,minecraft:spruce_planks,"{}","main: floor"
10,65,4,minecraft:spruce_planks,"{}","main: floor"
11,65,4,minecraft:spruce_planks,"{}","main: floor"
12,65,4,minecraft:spruce_planks,"{}","main: floor"
13,65,4,minecraft:spruce_planks,"{}","main: floor"
14,65,4,minecraft:spruce_planks,"{}","main: floor"
15,65,4,minecraft:spruce_planks,"{}","main: floor"
16,65,4,minecraft:spruce_planks,"{}","main: floor"
0,65,5,minecraft:spruce_planks,"{}","main: floor"
1,65,5,minecraft:spruce_planks,"{}","main: floor"
2,65,5,minecraft:spruce_planks,"{}","main: floor"
3,65,5,minecraft:spruce_planks,"{}","main: floor"
4,65,5,minecraft:spruce_planks,"{}","main: floor"
5,65,5,minecraft:spruce_planks,"{}","main: floor"
6,65,5,minecraft:spruce_planks,"{}","main: floor"
7,65,5,minecraft:spruce_planks,"{}","main: floor"
8,65,5,minecraft:spruce_planks,"{}","main: floor"
9,65,5,minecraft:spruce_planks,"{}","main: floor"
10,65,5,minecraft:spruce_planks,"{}","main: floor"
11,65,5,minecraft:spruce_planks,"{}","main: floor"
12,65,5,minecraft:spruce_planks,"{}","main: floor"
13,65,5,minecraft:spruce_planks,"{}","main: floor"
14,65,5,minecraft:spruce_planks,"{}","main: floor"
15,65,5,minecraft:spruce_planks,"{}","main: floor"
16,65,5,minecraft:spruce_planks,"{}","main: floor"
0,65,6,minecraft:spruce_planks,"{}","main: floor"
1,65,6,minecraft:spruce_planks,"{}","main: floor"
2,65,6,minecraft:spruce_planks,"{}","main: floor"
3,65,6,minecraft:spruce_planks,"{}","main: floor"
4,65,6,minecraft:spruce_planks,"{}","main: floor"
5,65,6,minecraft:spruce_planks,"{}","main: floor"
6,65,6,minecraft:spruce_planks,"{}","main: floor"
7,65,6,minecraft:spruce_planks,"{}","main: floor"
8,65,6,minecraft:spruce_planks,"{}","main: floor"
9,65,6,minecraft:spruce_planks,"{}","main: floor"
10,65,6,minecraft:spruce_planks,"{}","main: floor"
11,65,6,minecraft:spruce_planks,"{}","main: floor"
12,65,6,minecraft:spruce_planks,"{}","main: floor"
13,65,6,minecraft:spruce_planks,"{}","main: floor"
14,65,6,minecraft:spruce_planks,"{}","main: floor"
15,65,6,minecraft:spruce_planks,"{}","main: floor"
16,65,6,minecraft:spruce_planks,"{}","main: floor"
0,65,7,minecraft:spruce_planks,"{}","main: floor"
1,65,7,minecraft:spruce_planks,"{}","main: floor"
2,65,7,minecraft:spruce_planks,"{}","main: floor"
3,65,7,minecraft:spruce_planks,"{}","main: floor"
4,65,7,minecraft:spruce_planks,"{}","main: floor"
5,65,7,minecraft:spruce_planks,"{}","main: floor"
6,65,7,minecraft:spruce_planks,"{}","main: floor"
7,65,7,minecraft:spruce_planks,"{}","main: floor"
8,65,7,minecraft:spruce_planks,"{}","main: floor"
9,65,7,minecraft:spruce_planks,"{}","main: floor"
10,65,7,minecraft:spruce_planks,"{}","main: floor"
11,65,7,minecraft:spruce_planks,"{}","main: floor"
12,65,7,minecraft:spruce_planks,"{}","main: floor"
13,65,7,minecraft:spruce_planks,"{}","main: floor"
14,65,7,minecraft:spruce_planks,"{}","main: floor"
15,65,7,minecraft:spruce_planks,"{}","main: floor"
16,65,7,minecraft:spruce_planks,"{}","main: floor"
0,65,8,minecraft:spruce_planks,"{}","main: floor"
1,65,8,minecraft:spruce_planks,"{}","main: floor"
2,65,8,minecraft:spruce_planks,"{}","main: floor"
3,65,8,minecraft:spruce_planks,"{}","main: floor"
4,65,8,minecraft:spruce_planks,"{}","main: floor"
5,65,8,minecraft:spruce_planks,"{}","main: floor"
6,65,8,minecraft:spruce_planks,"{}","main: floor"
7,65,8,minecraft:spruce_planks,"{}","main: floor"
8,65,8,minecraft:spruce_planks,"{}","main: floor"
9,65,8,minecraft:spruce_planks,"{}","main: floor"
10,65,8,minecraft:spruce_planks,"{}","main: floor"
11,65,8,minecraft:spruce_planks,"{}","main: floor"
12,65,8,minecraft:spruce_planks,"{}","main: floor"
13,65,8,minecraft:spruce_planks,"{}","main: floor"
14,65,8,minecraft:spruce_planks,"{}","main: floor"
15,65,8,minecraft:spruce_planks,"{}","main: floor"
16,65,8,minecraft:spruce_planks,"{}","main: floor"
0,65,9,minecraft:spruce_planks,"{}","main: floor"
1,65,9,minecraft:spruce_planks,"{}","main: floor"
2,65,9,minecraft:spruce_planks,"{}","main: floor"
3,65,9,minecraft:spruce_planks,"{}","main: floor"
4,65,9,minecraft:spruce_planks,"{}","main: floor"
5,65,9,minecraft:spruce_planks,"{}","main: floor"
6,65,9,minecraft:spruce_planks,"{}","main: floor"
7,65,9,minecraft:spruce_planks,"{}","main: floor"
8,65,9,minecraft:spruce_planks,"{}","main: floor"
9,65,9,minecraft:spruce_planks,"{}","main: floor"
10,65,9,minecraft:spruce_planks,"{}","main: floor"
11,65,9,minecraft:spruce_planks,"{}","main: floor"
12,65,9,minecraft:spruce_planks,"{}","main: floor"
13,65,9,minecraft:spruce_planks,"{}","main: floor"
14,65,9,minecraft:spruce_planks,"{}","main: floor"
15,65,9,minecraft:spruce_planks,"{}","main: floor"
16,65,9,minecraft:spruce_planks,"{}","main: floor"
0,65,10,minecraft:spruce_planks,"{}","main: floor"
1,65,10,minecraft:spruce_planks,"{}","main: floor"
2,65,10,minecraft:spruce_planks,"{}","main: floor"
3,65,10,minecraft:spruce_planks,"{}","main: floor"
4,65,10,minecraft:spruce_planks,"{}","main: floor"
5,65,10,minecraft:spruce_planks,"{}","main: floor"
6,65,10,minecraft:spruce_planks,"{}","main: floor"
7,65,10,minecraft:spruce_planks,"{}","main: floor"
8,65,10,minecraft:spruce_planks,"{}","main: floor"
9,65,10,minecraft:spruce_planks,"{}","main: floor"
10,65,10,minecraft:spruce_planks,"{}","main: floor"
11,65,10,minecraft:spruce_planks,"{}","main: floor"
12,65,10,minecraft:spruce_planks,"{}","main: floor"
13,65,10,minecraft:spruce_planks,"{}","main: floor"
14,65,10,minecraft:spruce_planks,"{}","main: floor"
15,65,10,minecraft:spruce_planks,"{}","main: floor"
16,65,10,minecraft:spruce_planks,"{}","main: floor"
0,65,11,minecraft:spruce_planks,"{}","main: floor"
1,65,11,minecraft:spruce_planks,"{}","main: floor"
2,65,11,minecraft:spruce_planks,"{}","main: floor"
3,65,11,minecraft:spruce_planks,"{}","main: floor"
4,65,11,minecraft:spruce_planks,"{}","main: floor"
5,65,11,minecraft:spruce_planks,"{}","main: floor"
6,65,11,minecraft:spruce_planks,"{}","main: floor"
7,65,11,minecraft:spruce_planks,"{}","main: floor"
8,65,11,minecraft:spruce_planks,"{}","main: floor"
9,65,11,minecraft:spruce_planks,"{}","main: floor"
10,65,11,minecraft:spruce_planks,"{}","main: floor"
11,65,11,minecraft:spruce_planks,"{}","main: floor"
12,65,11,minecraft:spruce_planks,"{}","main: floor"
13,65,11,minecraft:spruce_planks,"{}","main: floor"
14,65,11,minecraft:spruce_planks,"{}","main: floor"
15,65,11,minecraft:spruce_planks,"{}","main: floor"
16,65,11,minecraft:spruce_planks,"{}","main: floor"
0,65,12,minecraft:spruce_planks,"{}","main: floor"
1,65,12,minecraft:spruce_planks,"{}","main: floor"
2,65,12,minecraft:spruce_planks,"{}","main: floor"
3,65,12,minecraft:spruce_planks,"{}","main: floor"
4,65,12,minecraft:spruce_planks,"{}","main: floor"
5,65,12,minecraft:spruce_planks,"{}","main: floor"
6,65,12,minecraft:spruce_planks,"{}","main: floor"
7,65,12,minecraft:spruce_planks,"{}","main: floor"
8,65,12,minecraft:spruce_planks,"{}","main: floor"
9,65,12,minecraft:spruce_planks,"{}","main: floor"
10,65,12,minecraft:spruce_planks,"{}","main: floor"
11,65,12,minecraft:spruce_planks,"{}","main: floor"
12,65,12,minecraft:spruce_planks,"{}","main: floor"
13,65,12,minecraft:spruce_planks,"{}","main: floor"
14,65,12,minecraft:spruce_planks,"{}","main: floor"
15,65,12,minecraft:spruce_planks,"{}","main: floor"
16,65,12,minecraft:spruce_planks,"{}","main: floor"
0,66,0,minecraft:stripped_spruce_log,"{""axis"":""y""}","frame"
1,66,0,minecraft:spruce_planks,"{}","main: walls"
2,66,0,minecraft:spruce_planks,"{}","main: walls"
3,66,0,minecraft:spruce_planks,"{}","main: walls"
4,66,0,minecraft:spruce_planks,"{}","main: walls"
5,66,0,minecraft:spruce_planks,"{}","main: walls"
6,66,0,minecraft:stripped_spruce_log,"{""axis"":""y""}","frame"
7,66,0,minecraft:spruce_door,"{""half"":""lower"",""facing"":""south"",""hinge"":""left"",""open"":false,""powered"":false}","openings"
8,66,0,minecraft:spruce_planks,"{}","main: walls"
9,66,0,minecraft:spruce_planks,"{}","main: walls"
10,66,0,minecraft:spruce_planks,"{}","main: walls"
11,66,0,minecraft:spruce_planks,"{}","main: walls"
12,66,0,minecraft:stripped_spruce_log,"{""axis"":""y""}","frame"
13,66,0,minecraft:spruce_planks,"{}","main: walls"
14,66,0,minecraft:spruce_planks,"{}","main: walls"
15,66,0,minecraft:spruce_planks,"{}","main: walls"
16,66,0,minecraft:spruce_planks,"{}","main: walls"
0,66,1,minecraft:spruce_planks,"{}","main: walls"
16,66,1,minecraft:spruce_planks,"{}","main: walls"
0,66,2,minecraft:spruce_planks,"{}","main: walls"
16,66,2,minecraft:spruce_planks,"{}","main: walls"
0,66,3,minecraft:spruce_planks,"{}","main: walls"
16,66,3,minecraft:spruce_planks,"{}","main: walls"
0,66,4,minecraft:spruce_planks,"{}","main: walls"
16,66,4,minecraft:spruce_planks,"{}","main: walls"
0,66,5,minecraft:spruce_planks,"{}","main: walls"
16,66,5,minecraft:spruce_planks,"{}","main: walls"
0,66,6,minecraft:spruce_planks,"{}","main: walls"
16,66,6,minecraft:spruce_planks,"{}","main: walls"
0,66,7,minecraft:spruce_planks,"{}","main: walls"
16,66,7,minecraft:spruce_planks,"{}","main: walls"
0,66,8,minecraft:spruce_planks,"{}","main: walls"
16,66,8,minecraft:spruce_planks,"{}","main: walls"
0,66,9,minecraft:spruce_planks,"{}","main: walls"
16,66,9,minecraft:spruce_planks,"{}","main: walls"
0,66,10,minecraft:spruce_planks,"{}","main: walls"
16,66,10,minecraft:spruce_planks,"{}","main: walls"
0,66,11,minecraft:spruce_planks,"{}","main: walls"
16,66,11,minecraft:spruce_planks,"{}","main: walls"
0,66,12,minecraft:stripped_spruce_log,"{""axis"":""y""}","frame"
1,66,12,minecraft:spruce_planks,"{}","main: walls"
2,66,12,minecraft:spruce_planks,"{}","main: walls"
3,66,12,minecraft:spruce_planks,"{}","main: walls"
4,66,12,minecraft:spruce_planks,"{}","main: walls"
5,66,12,minecraft:spruce_planks,"{}","main: walls"
6,66,12,minecraft:stripped_spruce_log,"{""axis"":""y""}","frame"
7,66,12,minecraft:spruce_planks,"{}","main: walls"
8,66,12,minecraft:spruce_planks,"{}","main: walls"
9,66,12,minecraft:spruce_planks,"{}","main: walls"
10,66,12,minecraft:spruce_planks,"{}","main: walls"
11,66,12,minecraft:spruce_planks,"{}","main: walls"
12,66,12,minecraft:stripped_spruce_log,"{""axis"":""y""}","frame"
13,66,12,minecraft:spruce_planks,"{}","main: walls"
14,66,12,minecraft:spruce_planks,"{}","main: walls"
15,66,12,minecraft:spruce_planks,"{}","main: walls"
16,66,12,minecraft:spruce_planks,"{}","main: walls"
0,67,0,minecraft:stripped_spruce_log,"{""axis"":""y""}","frame"
1,67,0,minecraft:spruce_planks,"{}","main: walls"
2,67,0,minecraft:glass_pane,"{""north"":false,""south"":false,""west"":true,""east"":true,""waterlogged"":false}","openings"
3,67,0,minecraft:spruce_planks,"{}","main: walls"
4,67,0,minecraft:spruce_planks,"{}","main: walls"
5,67,0,minecraft:spruce_planks,"{}","main: walls"
6,67,0,minecraft:stripped_spruce_log,"{""axis"":""y""}","frame"
7,67,0,minecraft:spruce_door,"{""half"":""upper"",""facing"":""south"",""hinge"":""left"",""open"":false,""powered"":false}","openings"
8,67,0,minecraft:glass_pane,"{""north"":false,""south"":false,""west"":true,""east"":true,""waterlogged"":false}","openings"
9,67,0,minecraft:spruce_planks,"{}","main: walls"
10,67,0,minecraft:spruce_planks,"{}","main: walls"
11,67,0,minecraft:spruce_planks,"{}","main: walls"
12,67,0,minecraft:stripped_spruce_log,"{""axis"":""y""}","frame"
13,67,0,minecraft:spruce_planks,"{}","main: walls"
14,67,0,minecraft:glass_pane,"{""north"":false,""south"":true,""west"":true,""east"":true,""waterlogged"":false}","openings"
15,67,0,minecraft:spruce_planks,"{}","main: walls"
16,67,0,minecraft:spruce_planks,"{}","main: walls"
0,67,1,minecraft:spruce_planks,"{}","main: walls"
14,67,1,minecraft:lantern,"{""hanging"":false,""waterlogged"":false}","lighting"
16,67,1,minecraft:spruce_planks,"{}","main: walls"
0,67,2,minecraft:spruce_planks,"{}","main: walls"
16,67,2,minecraft:spruce_planks,"{}","main: walls"
0,67,3,minecraft:spruce_planks,"{}","main: walls"
16,67,3,minecraft:spruce_planks,"{}","main: walls"
0,67,4,minecraft:spruce_planks,"{}","main: walls"
16,67,4,minecraft:spruce_planks,"{}","main: walls"
0,67,5,minecraft:spruce_planks,"{}","main: walls"
16,67,5,minecraft:spruce_planks,"{}","main: walls"
0,67,6,minecraft:spruce_planks,"{}","main: walls"
16,67,6,minecraft:spruce_planks,"{}","main: walls"
0,67,7,minecraft:spruce_planks,"{}","main: walls"
16,67,7,minecraft:spruce_planks,"{}","main: walls"
0,67,8,minecraft:spruce_planks,"{}","main: walls"
16,67,8,minecraft:spruce_planks,"{}","main: walls"
0,67,9,minecraft:spruce_planks,"{}","main: walls"
16,67,9,minecraft:spruce_planks,"{}","main: walls"
0,67,10,minecraft:spruce_planks,"{}","main: walls"
16,67,10,minecraft:spruce_planks,"{}","main: walls"
0,67,11,minecraft:spruce_planks,"{}","main: walls"
16,67,11,minecraft:spruce_planks,"{}","main: walls"
0,67,12,minecraft:stripped_spruce_log,"{""axis"":""y""}","frame"
1,67,12,minecraft:spruce_planks,"{}","main: walls"
2,67,12,minecraft:glass_pane,"{""north"":false,""south"":false,""west"":true,""east"":true,""waterlogged"":false}","openings"
3,67,12,minecraft:spruce_planks,"{}","main: walls"
4,67,12,minecraft:spruce_planks,"{}","main: walls"
5,67,12,minecraft:spruce_planks,"{}","main: walls"
6,67,12,minecraft:stripped_spruce_log,"{""axis"":""y""}","frame"
7,67,12,minecraft:spruce_planks,"{}","main: walls"
8,67,12,minecraft:glass_pane,"{""north"":false,""south"":false,""west"":true,""east"":true,""waterlogged"":false}","openings"
9,67,12,minecraft:spruce_planks,"{}","main: walls"
10,67,12,minecraft:spruce_planks,"{}","main: walls"
11,67,12,minecraft:spruce_planks,"{}","main: walls"
12,67,12,minecraft:stripped_spruce_log,"{""axis"":""y""}","frame"
13,67,12,minecraft:spruce_planks,"{}","main: walls"
14,67,12,minecraft:glass_pane,"{""north"":false,""south"":false,""west"":true,""east"":true,""waterlogged"":false}","openings"
15,67,12,minecraft:spruce_planks,"{}","main: walls"
16,67,12,minecraft:spruce_planks,"{}","main: walls"
0,68,0,minecraft:stripped_spruce_log,"{""axis"":""y""}","frame"
1,68,0,minecraft:spruce_planks,"{}","main: walls"
2,68,0,minecraft:glass_pane,"{""north"":false,""south"":false,""west"":true,""east"":true,""waterlogged"":false}","openings"
3,68,0,minecraft:spruce_planks,"{}","main: walls"
4,68,0,minecraft:spruce_planks,"{}","main: walls"
5,68,0,minecraft:spruce_planks,"{}","main: walls"
6,68,0,minecraft:stripped_spruce_log,"{""axis"":""y""}","frame"
7,68,0,minecraft:spruce_planks,"{}","main: walls"
8,68,0,minecraft:glass_pane,"{""north"":false,""south"":false,""west"":true,""east"":true,""waterlogged"":false}","openings"
9,68,0,minecraft:spruce_planks,"{}","main: walls"
10,68,0,minecraft:spruce_planks,"{}","main: walls"
11,68,0,minecraft:spruce_planks,"{}","main: walls"
12,68,0,minecraft:stripped_spruce_log,"{""axis"":""y""}","frame"
13,68,0,minecraft:spruce_planks,"{}","main: walls"
14,68,0,minecraft:glass_pane,"{""north"":false,""south"":false,""west"":true,""east"":true,""waterlogged"":false}","openings"
15,68,0,minecraft:spruce_planks,"{}","main: walls"
16,68,0,minecraft:spruce_planks,"{}","main: walls"
0,68,1,minecraft:spruce_planks,"{}","main: walls"
16,68,1,minecraft:spruce_planks,"{}","main: walls"
0,68,2,minecraft:spruce_planks,"{}","main: walls"
16,68,2,minecraft:spruce_planks,"{}","main: walls"
0,68,3,minecraft:spruce_planks,"{}","main: walls"
16,68,3,minecraft:spruce_planks,"{}","main: walls"
0,68,4,minecraft:spruce_planks,"{}","main: walls"
16,68,4,minecraft:spruce_planks,"{}","main: walls"
0,68,5,minecraft:spruce_planks,"{}","main: walls"
16,68,5,minecraft:spruce_planks,"{}","main: walls"
0,68,6,minecraft:spruce_planks,"{}","main: walls"
16,68,6,minecraft:spruce_planks,"{}","main: walls"
0,68,7,minecraft:spruce_planks,"{}","main: walls"
16,68,7,minecraft:spruce_planks,"{}","main: walls"
0,68,8,minecraft:spruce_planks,"{}","main: walls"
16,68,8,minecraft:spruce_planks,"{}","main: walls"
0,68,9,minecraft:spruce_planks,"{}","main: walls"
16,68,9,minecraft:spruce_planks,"{}","main: walls"
0,68,10,minecraft:spruce_planks,"{}","main: walls"
16,68,10,minecraft:spruce_planks,"{}","main: walls"
0,68,11,minecraft:spruce_planks,"{}","main: walls"
16,68,11,minecraft:spruce_planks,"{}","main: walls"
0,68,12,minecraft:stripped_spruce_log,"{""axis"":""y""}","frame"
1,68,12,minecraft:spruce_planks,"{}","main: walls"
2,68,12,minecraft:glass_pane,"{""north"":false,""south"":false,""west"":true,""east"":true,""waterlogged"":false}","openings"
3,68,12,minecraft:spruce_planks,"{}","main: walls"
4,68,12,minecraft:spruce_planks,"{}","main: walls"
5,68,12,minecraft:spruce_planks,"{}","main: walls"
6,68,12,minecraft:stripped_spruce_log,"{""axis"":""y""}","frame"
7,68,12,minecraft:spruce_planks,"{}","main: walls"
8,68,12,minecraft:glass_pane,"{""north"":false,""south"":false,""west"":true,""east"":true,""waterlogged"":false}","openings"
9,68,12,minecraft:spruce_planks,"{}","main: walls"
10,68,12,minecraft:spruce_planks,"{}","main: walls"
11,68,12,minecraft:spruce_planks,"{}","main: walls"
12,68,12,minecraft:stripped_spruce_log,"{""axis"":""y""}","frame"
13,68,12,minecraft:spruce_planks,"{}","main: walls"
14,68,12,minecraft:glass_pane,"{""north"":false,""south"":false,""west"":true,""east"":true,""waterlogged"":false}","openings"
15,68,12,minecraft:spruce_planks,"{}","main: walls"
16,68,12,minecraft:spruce_planks,"{}","main: walls"
0,69,0,minecraft:stripped_spruce_log,"{""axis"":""y""}","frame"
1,69,0,minecraft:spruce_planks,"{}","main: walls"
2,69,0,minecraft:spruce_planks,"{}","main: walls"
3,69,0,minecraft:spruce_planks,"{}","main: walls"
4,69,0,minecraft:spruce_planks,"{}","main: walls"
5,69,0,minecraft:spruce_planks,"{}","main: walls"
6,69,0,minecraft:stripped_spruce_log,"{""axis"":""y""}","frame"
7,69,0,minecraft:spruce_planks,"{}","main: walls"
8,69,0,minecraft:spruce_planks,"{}","main: walls"
9,69,0,minecraft:spruce_planks,"{}","main: walls"
10,69,0,minecraft:spruce_planks,"{}","main: walls"
11,69,0,minecraft:spruce_planks,"{}","main: walls"
12,69,0,minecraft:stripped_spruce_log,"{""axis"":""y""}","frame"
13,69,0,minecraft:spruce_planks,"{}","main: walls"
14,69,0,minecraft:spruce_planks,"{}","main: walls"
15,69,0,minecraft:spruce_planks,"{}","main: walls"
16,69,0,minecraft:spruce_planks,"{}","main: walls"
0,69,1,minecraft:spruce_planks,"{}","main: walls"
16,69,1,minecraft:spruce_planks,"{}","main: walls"
0,69,2,minecraft:spruce_planks,"{}","main: walls"
16,69,2,minecraft:spruce_planks,"{}","main: walls"
0,69,3,minecraft:spruce_planks,"{}","main: walls"
16,69,3,minecraft:spruce_planks,"{}","main: walls"
0,69,4,minecraft:spruce_planks,"{}","main: walls"
16,69,4,minecraft:spruce_planks,"{}","main: walls"
0,69,5,minecraft:spruce_planks,"{}","main: walls"
16,69,5,minecraft:spruce_planks,"{}","main: walls"
0,69,6,minecraft:spruce_planks,"{}","main: walls"
16,69,6,minecraft:spruce_planks,"{}","main: walls"
0,69,7,minecraft:spruce_planks,"{}","main: walls"
16,69,7,minecraft:spruce_planks,"{}","main: walls"
0,69,8,minecraft:spruce_planks,"{}","main: walls"
16,69,8,minecraft:spruce_planks,"{}","main: walls"
0,69,9,minecraft:spruce_planks,"{}","main: walls"
16,69,9,minecraft:spruce_planks,"{}","main: walls"
0,69,10,minecraft:spruce_planks,"{}","main: walls"
16,69,10,minecraft:spruce_planks,"{}","main: walls"
0,69,11,minecraft:spruce_planks,"{}","main: walls"
16,69,11,minecraft:spruce_planks,"{}","main: walls"
0,69,12,minecraft:stripped_spruce_log,"{""axis"":""y""}","frame"
1,69,12,minecraft:spruce_planks,"{}","main: walls"
2,69,12,minecraft:spruce_planks,"{}","main: walls"
3,69,12,minecraft:spruce_planks,"{}","main: walls"
4,69,12,minecraft:spruce_planks,"{}","main: walls"
5,69,12,minecraft:spruce_planks,"{}","main: walls"
6,69,12,minecraft:stripped_spruce_log,"{""axis"":""y""}","frame"
7,69,12,minecraft:spruce_planks,"{}","main: walls"
8,69,12,minecraft:spruce_planks,"{}","main: walls"
9,69,12,minecraft:spruce_planks,"{}","main: walls"
10,69,12,minecraft:spruce_planks,"{}","main: walls"
11,69,12,minecraft:spruce_planks,"{}","main: walls"
12,69,12,minecraft:stripped_spruce_log,"{""axis"":""y""}","frame"
13,69,12,minecraft:spruce_planks,"{}","main: walls"
14,69,12,minecraft:spruce_planks,"{}","main: walls"
15,69,12,minecraft:spruce_planks,"{}","main: walls"
16,69,12,minecraft:spruce_planks,"{}","main: walls"
0,70,0,minecraft:stripped_spruce_log,"{""axis"":""y""}","frame"
1,70,0,minecraft:spruce_planks,"{}","main: walls"
2,70,0,minecraft:spruce_planks,"{}","main: walls"
3,70,0,minecraft:spruce_planks,"{}","main: walls"
4,70,0,minecraft:spruce_planks,"{}","main: walls"
5,70,0,minecraft:spruce_planks,"{}","main: walls"
6,70,0,minecraft:stripped_spruce_log,"{""axis"":""y""}","frame"
7,70,0,minecraft:spruce_planks,"{}","main: walls"
8,70,0,minecraft:spruce_planks,"{}","main: walls"
9,70,0,minecraft:spruce_planks,"{}","main: walls"
10,70,0,minecraft:spruce_planks,"{}","main: walls"
11,70,0,minecraft:spruce_planks,"{}","main: walls"
12,70,0,minecraft:stripped_spruce_log,"{""axis"":""y""}","frame"
13,70,0,minecraft:spruce_planks,"{}","main: walls"
14,70,0,minecraft:spruce_planks,"{}","main: walls"
15,70,0,minecraft:spruce_planks,"{}","main: walls"
16,70,0,minecraft:spruce_planks,"{}","main: walls"
0,70,1,minecraft:spruce_planks,"{}","main: walls"
16,70,1,minecraft:spruce_planks,"{}","main: walls"
0,70,2,minecraft:spruce_planks,"{}","main: walls"
16,70,2,minecraft:spruce_planks,"{}","main: walls"
0,70,3,minecraft:spruce_planks,"{}","main: walls"
16,70,3,minecraft:spruce_planks,"{}","main: walls"
0,70,4,minecraft:spruce_planks,"{}","main: walls"
16,70,4,minecraft:spruce_planks,"{}","main: walls"
0,70,5,minecraft:spruce_planks,"{}","main: walls"
16,70,5,minecraft:spruce_planks,"{}","main: walls"
0,70,6,minecraft:spruce_planks,"{}","main: walls"
16,70,6,minecraft:spruce_planks,"{}","main: walls"
0,70,7,minecraft:spruce_planks,"{}","main: walls"
16,70,7,minecraft:spruce_planks,"{}","main: walls"
0,70,8,minecraft:spruce_planks,"{}","main: walls"
16,70,8,minecraft:spruce_planks,"{}","main: walls"
0,70,9,minecraft:spruce_planks,"{}","main: walls"
16,70,9,minecraft:spruce_planks,"{}","main: walls"
0,70,10,minecraft:spruce_planks,"{}","main: walls"
16,70,10,minecraft:spruce_planks,"{}","main: walls"
0,70,11,minecraft:spruce_planks,"{}","main: walls"
16,70,11,minecraft:spruce_planks,"{}","main: walls"
0,70,12,minecraft:stripped_spruce_log,"{""axis"":""y""}","frame"
1,70,12,minecraft:spruce_planks,"{}","main: walls"
2,70,12,minecraft:spruce_planks,"{}","main: walls"
3,70,12,minecraft:spruce_planks,"{}","main: walls"
4,70,12,minecraft:spruce_planks,"{}","main: walls"
5,70,12,minecraft:spruce_planks,"{}","main: walls"
6,70,12,minecraft:stripped_spruce_log,"{""axis"":""y""}","frame"
7,70,12,minecraft:spruce_planks,"{}","main: walls"
8,70,12,minecraft:spruce_planks,"{}","main: walls"
9,70,12,minecraft:spruce_planks,"{}","main: walls"
10,70,12,minecraft:spruce_planks,"{}","main: walls"
11,70,12,minecraft:spruce_planks,"{}","main: walls"
12,70,12,minecraft:stripped_spruce_log,"{""axis"":""y""}","frame"
13,70,12,minecraft:spruce_planks,"{}","main: walls"
14,70,12,minecraft:spruce_planks,"{}","main: walls"
15,70,12,minecraft:spruce_planks,"{}","main: walls"
16,70,12,minecraft:spruce_planks,"{}","main: walls"
0,71,0,minecraft:stripped_spruce_log,"{""axis"":""y""}","frame"
1,71,0,minecraft:spruce_planks,"{}","main: walls"
2,71,0,minecraft:spruce_planks,"{}","main: walls"
3,71,0,minecraft:spruce_planks,"{}","main: walls"
4,71,0,minecraft:spruce_planks,"{}","main: walls"
5,71,0,minecraft:spruce_planks,"{}","main: walls"
6,71,0,minecraft:stripped_spruce_log,"{""axis"":""y""}","frame"
7,71,0,minecraft:spruce_planks,"{}","main: walls"
8,71,0,minecraft:spruce_planks,"{}","main: walls"
9,71,0,minecraft:spruce_planks,"{}","main: walls"
10,71,0,minecraft:spruce_planks,"{}","main: walls"
11,71,0,minecraft:spruce_planks,"{}","main: walls"
12,71,0,minecraft:stripped_spruce_log,"{""axis"":""y""}","frame"
13,71,0,minecraft:spruce_planks,"{}","main: walls"
14,71,0,minecraft:spruce_planks,"{}","main: walls"
15,71,0,minecraft:spruce_planks,"{}","main: walls"
16,71,0,minecraft:spruce_planks,"{}","main: walls"
0,71,1,minecraft:spruce_planks,"{}","main: walls"
16,71,1,minecraft:spruce_planks,"{}","main: walls"
0,71,2,minecraft:spruce_planks,"{}","main: walls"
16,71,2,minecraft:spruce_planks,"{}","main: walls"
0,71,3,minecraft:spruce_planks,"{}","main: walls"
16,71,3,minecraft:spruce_planks,"{}","main: walls"
0,71,4,minecraft:spruce_planks,"{}","main: walls"
16,71,4,minecraft:spruce_planks,"{}","main: walls"
0,71,5,minecraft:spruce_planks,"{}","main: walls"
16,71,5,minecraft:spruce_planks,"{}","main: walls"
0,71,6,minecraft:spruce_planks,"{}","main: walls"
16,71,6,minecraft:spruce_planks,"{}","main: walls"
0,71,7,minecraft:spruce_planks,"{}","main: walls"
16,71,7,minecraft:spruce_planks,"{}","main: walls"
0,71,8,minecraft:spruce_planks,"{}","main: walls"
16,71,8,minecraft:spruce_planks,"{}","main: walls"
0,71,9,minecraft:spruce_planks,"{}","main: walls"
16,71,9,minecraft:spruce_planks,"{}","main: walls"
0,71,10,minecraft:spruce_planks,"{}","main: walls"
16,71,10,minecraft:spruce_planks,"{}","main: walls"
0,71,11,minecraft:spruce_planks,"{}","main: walls"
16,71,11,minecraft:spruce_planks,"{}","main: walls"
0,71,12,minecraft:stripped_spruce_log,"{""axis"":""y""}","frame"
1,71,12,minecraft:spruce_planks,"{}","main: walls"
2,71,12,minecraft:spruce_planks,"{}","main: walls"
3,71,12,minecraft:spruce_planks,"{}","main: walls"
4,71,12,minecraft:spruce_planks,"{}","main: walls"
5,71,12,minecraft:spruce_planks,"{}","main: walls"
6,71,12,minecraft:stripped_spruce_log,"{""axis"":""y""}","frame"
7,71,12,minecraft:spruce_planks,"{}","main: walls"
8,71,12,minecraft:spruce_planks,"{}","main: walls"
9,71,12,minecraft:spruce_planks,"{}","main: walls"
10,71,12,minecraft:spruce_planks,"{}","main: walls"
11,71,12,minecraft:spruce_planks,"{}","main: walls"
12,71,12,minecraft:stripped_spruce_log,"{""axis"":""y""}","frame"
13,71,12,minecraft:spruce_planks,"{}","main: walls"
14,71,12,minecraft:spruce_planks,"{}","main: walls"
15,71,12,minecraft:spruce_planks,"{}","main: walls"
16,71,12,minecraft:spruce_planks,"{}","main: walls"
0,72,0,minecraft:spruce_stairs,"{""facing"":""east"",""half"":""bottom"",""shape"":""straight"",""waterlogged"":false}","roof"
6,72,0,minecraft:stripped_spruce_log,"{""axis"":""y""}","frame"
12,72,0,minecraft:stripped_spruce_log,"{""axis"":""y""}","frame"
16,72,0,minecraft:spruce_stairs,"{""facing"":""west"",""half"":""bottom"",""shape"":""straight"",""waterlogged"":false}","roof"
0,72,1,minecraft:spruce_stairs,"{""facing"":""east"",""half"":""bottom"",""shape"":""straight"",""waterlogged"":false}","roof"
16,72,1,minecraft:spruce_stairs,"{""facing"":""west"",""half"":""bottom"",""shape"":""straight"",""waterlogged"":false}","roof"
0,72,2,minecraft:spruce_stairs,"{""facing"":""east"",""half"":""bottom"",""shape"":""straight"",""waterlogged"":false}","roof"
16,72,2,minecraft:spruce_stairs,"{""facing"":""west"",""half"":""bottom"",""shape"":""straight"",""waterlogged"":false}","roof"
0,72,3,minecraft:spruce_stairs,"{""facing"":""east"",""half"":""bottom"",""shape"":""straight"",""waterlogged"":false}","roof"
16,72,3,minecraft:spruce_stairs,"{""facing"":""west"",""half"":""bottom"",""shape"":""straight"",""waterlogged"":false}","roof"
0,72,4,minecraft:spruce_stairs,"{""facing"":""east"",""half"":""bottom"",""shape"":""straight"",""waterlogged"":false}","roof"
16,72,4,minecraft:spruce_stairs,"{""facing"":""west"",""half"":""bottom"",""shape"":""straight"",""waterlogged"":false}","roof"
0,72,5,minecraft:spruce_stairs,"{""facing"":""east"",""half"":""bottom"",""shape"":""straight"",""waterlogged"":false}","roof"
16,72,5,minecraft:spruce_stairs,"{""facing"":""west"",""half"":""bottom"",""shape"":""straight"",""waterlogged"":false}","roof"
0,72,6,minecraft:spruce_stairs,"{""facing"":""east"",""half"":""bottom"",""shape"":""straight"",""waterlogged"":false}","roof"
16,72,6,minecraft:spruce_stairs,"{""facing"":""west"",""half"":""bottom"",""shape"":""straight"",""waterlogged"":false}","roof"
0,72,7,minecraft:spruce_stairs,"{""facing"":""east"",""half"":""bottom"",""shape"":""straight"",""waterlogged"":false}","roof"
16,72,7,minecraft:spruce_stairs,"{""facing"":""west"",""half"":""bottom"",""shape"":""straight"",""waterlogged"":false}","roof"
0,72,8,minecraft:spruce_stairs,"{""facing"":""east"",""half"":""bottom"",""shape"":""straight"",""waterlogged"":false}","roof"
16,72,8,minecraft:spruce_stairs,"{""facing"":""west"",""half"":""bottom"",""shape"":""straight"",""waterlogged"":false}","roof"
0,72,9,minecraft:spruce_stairs,"{""facing"":""east"",""half"":""bottom"",""shape"":""straight"",""waterlogged"":false}","roof"
16,72,9,minecraft:spruce_stairs,"{""facing"":""west"",""half"":""bottom"",""shape"":""straight"",""waterlogged"":false}","roof"
0,72,10,minecraft:spruce_stairs,"{""facing"":""east"",""half"":""bottom"",""shape"":""straight"",""waterlogged"":false}","roof"
16,72,10,minecraft:spruce_stairs,"{""facing"":""west"",""half"":""bottom"",""shape"":""straight"",""waterlogged"":false}","roof"
0,72,11,minecraft:spruce_stairs,"{""facing"":""east"",""half"":""bottom"",""shape"":""straight"",""waterlogged"":false}","roof"
16,72,11,minecraft:spruce_stairs,"{""facing"":""west"",""half"":""bottom"",""shape"":""straight"",""waterlogged"":false}","roof"
0,72,12,minecraft:spruce_stairs,"{""facing"":""east"",""half"":""bottom"",""shape"":""straight"",""waterlogged"":false}","roof"
6,72,12,minecraft:stripped_spruce_log,"{""axis"":""y""}","frame"
12,72,12,minecraft:stripped_spruce_log,"{""axis"":""y""}","frame"
16,72,12,minecraft:spruce_stairs,"{""facing"":""west"",""half"":""bottom"",""shape"":""straight"",""waterlogged"":false}","roof"
1,73,0,minecraft:spruce_stairs,"{""facing"":""east"",""half"":""bottom"",""shape"":""straight"",""waterlogged"":false}","roof"
15,73,0,minecraft:spruce_stairs,"{""facing"":""west"",""half"":""bottom"",""shape"":""straight"",""waterlogged"":false}","roof"
1,73,1,minecraft:spruce_stairs,"{""facing"":""east"",""half"":""bottom"",""shape"":""straight"",""waterlogged"":false}","roof"
15,73,1,minecraft:spruce_stairs,"{""facing"":""west"",""half"":""bottom"",""shape"":""straight"",""waterlogged"":false}","roof"
1,73,2,minecraft:spruce_stairs,"{""facing"":""east"",""half"":""bottom"",""shape"":""straight"",""waterlogged"":false}","roof"
15,73,2,minecraft:spruce_stairs,"{""facing"":""west"",""half"":""bottom"",""shape"":""straight"",""waterlogged"":false}","roof"
1,73,3,minecraft:spruce_stairs,"{""facing"":""east"",""half"":""bottom"",""shape"":""straight"",""waterlogged"":false}","roof"
15,73,3,minecraft:spruce_stairs,"{""facing"":""west"",""half"":""bottom"",""shape"":""straight"",""waterlogged"":false}","roof"
1,73,4,minecraft:spruce_stairs,"{""facing"":""east"",""half"":""bottom"",""shape"":""straight"",""waterlogged"":false}","roof"
15,73,4,minecraft:spruce_stairs,"{""facing"":""west"",""half"":""bottom"",""shape"":""straight"",""waterlogged"":false}","roof"
1,73,5,minecraft:spruce_stairs,"{""facing"":""east"",""half"":""bottom"",""shape"":""straight"",""waterlogged"":false}","roof"
15,73,5,minecraft:spruce_stairs,"{""facing"":""west"",""half"":""bottom"",""shape"":""straight"",""waterlogged"":false}","roof"
1,73,6,minecraft:spruce_stairs,"{""facing"":""east"",""half"":""bottom"",""shape"":""straight"",""waterlogged"":false}","roof"
15,73,6,minecraft:spruce_stairs,"{""facing"":""west"",""half"":""bottom"",""shape"":""straight"",""waterlogged"":false}","roof"
1,73,7,minecraft:spruce_stairs,"{""facing"":""east"",""half"":""bottom"",""shape"":""straight"",""waterlogged"":false}","roof"
15,73,7,minecraft:spruce_stairs,"{""facing"":""west"",""half"":""bottom"",""shape"":""straight"",""waterlogged"":false}","roof"
1,73,8,minecraft:spruce_stairs,"{""facing"":""east"",""half"":""bottom"",""shape"":""straight"",""waterlogged"":false}","roof"
15,73,8,minecraft:spruce_stairs,"{""facing"":""west"",""half"":""bottom"",""shape"":""straight"",""waterlogged"":false}","roof"
1,73,9,minecraft:spruce_stairs,"{""facing"":""east"",""half"":""bottom"",""shape"":""straight"",""waterlogged"":false}","roof"
15,73,9,minecraft:spruce_stairs,"{""facing"":""west"",""half"":""bottom"",""shape"":""straight"",""waterlogged"":false}","roof"
1,73,10,minecraft:spruce_stairs,"{""facing"":""east"",""half"":""bottom"",""shape"":""straight"",""waterlogged"":false}","roof"
15,73,10,minecraft:spruce_stairs,"{""facing"":""west"",""half"":""bottom"",""shape"":""straight"",""waterlogged"":false}","roof"
1,73,11,minecraft:spruce_stairs,"{""facing"":""east"",""half"":""bottom"",""shape"":""straight"",""waterlogged"":false}","roof"
15,73,11,minecraft:spruce_stairs,"{""facing"":""west"",""half"":""bottom"",""shape"":""straight"",""waterlogged"":false}","roof"
1,73,12,minecraft:spruce_stairs,"{""facing"":""east"",""half"":""bottom"",""shape"":""straight"",""waterlogged"":false}","roof"
15,73,12,minecraft:spruce_stairs,"{""facing"":""west"",""half"":""bottom"",""shape"":""straight"",""waterlogged"":false}","roof"
2,74,0,minecraft:spruce_stairs,"{""facing"":""east"",""half"":""bottom"",""shape"":""straight"",""waterlogged"":false}","roof"
14,74,0,minecraft:spruce_stairs,"{""facing"":""west"",""half"":""bottom"",""shape"":""straight"",""waterlogged"":false}","roof"
2,74,1,minecraft:spruce_stairs,"{""facing"":""east"",""half"":""bottom"",""shape"":""straight"",""waterlogged"":false}","roof"
14,74,1,minecraft:spruce_stairs,"{""facing"":""west"",""half"":""bottom"",""shape"":""straight"",""waterlogged"":false}","roof"
2,74,2,minecraft:spruce_stairs,"{""facing"":""east"",""half"":""bottom"",""shape"":""straight"",""waterlogged"":false}","roof"
14,74,2,minecraft:spruce_stairs,"{""facing"":""west"",""half"":""bottom"",""shape"":""straight"",""waterlogged"":false}","roof"
2,74,3,minecraft:spruce_stairs,"{""facing"":""east"",""half"":""bottom"",""shape"":""straight"",""waterlogged"":false}","roof"
14,74,3,minecraft:spruce_stairs,"{""facing"":""west"",""half"":""bottom"",""shape"":""straight"",""waterlogged"":false}","roof"
2,74,4,minecraft:spruce_stairs,"{""facing"":""east"",""half"":""bottom"",""shape"":""straight"",""waterlogged"":false}","roof"
14,74,4,minecraft:spruce_stairs,"{""facing"":""west"",""half"":""bottom"",""shape"":""straight"",""waterlogged"":false}","roof"
2,74,5,minecraft:spruce_stairs,"{""facing"":""east"",""half"":""bottom"",""shape"":""straight"",""waterlogged"":false}","roof"
14,74,5,minecraft:spruce_stairs,"{""facing"":""west"",""half"":""bottom"",""shape"":""straight"",""waterlogged"":false}","roof"
2,74,6,minecraft:spruce_stairs,"{""facing"":""east"",""half"":""bottom"",""shape"":""straight"",""waterlogged"":false}","roof"
14,74,6,minecraft:spruce_stairs,"{""facing"":""west"",""half"":""bottom"",""shape"":""straight"",""waterlogged"":false}","roof"
2,74,7,minecraft:spruce_stairs,"{""facing"":""east"",""half"":""bottom"",""shape"":""straight"",""waterlogged"":false}","roof"
14,74,7,minecraft:spruce_stairs,"{""facing"":""west"",""half"":""bottom"",""shape"":""straight"",""waterlogged"":false}","roof"
2,74,8,minecraft:spruce_stairs,"{""facing"":""east"",""half"":""bottom"",""shape"":""straight"",""waterlogged"":false}","roof"
14,74,8,minecraft:spruce_stairs,"{""facing"":""west"",""half"":""bottom"",""shape"":""straight"",""waterlogged"":false}","roof"
2,74,9,minecraft:spruce_stairs,"{""facing"":""east"",""half"":""bottom"",""shape"":""straight"",""waterlogged"":false}","roof"
14,74,9,minecraft:spruce_stairs,"{""facing"":""west"",""half"":""bottom"",""shape"":""straight"",""waterlogged"":false}","roof"
2,74,10,minecraft:spruce_stairs,"{""facing"":""east"",""half"":""bottom"",""shape"":""straight"",""waterlogged"":false}","roof"
14,74,10,minecraft:spruce_stairs,"{""facing"":""west"",""half"":""bottom"",""shape"":""straight"",""waterlogged"":false}","roof"
2,74,11,minecraft:spruce_stairs,"{""facing"":""east"",""half"":""bottom"",""shape"":""straight"",""waterlogged"":false}","roof"
14,74,11,minecraft:spruce_stairs,"{""facing"":""west"",""half"":""bottom"",""shape"":""straight"",""waterlogged"":false}","roof"
2,74,12,minecraft:spruce_stairs,"{""facing"":""east"",""half"":""bottom"",""shape"":""straight"",""waterlogged"":false}","roof"
14,74,12,minecraft:spruce_stairs,"{""facing"":""west"",""half"":""bottom"",""shape"":""straight"",""waterlogged"":false}","roof"
3,75,0,minecraft:spruce_stairs,"{""facing"":""east"",""half"":""bottom"",""shape"":""straight"",""waterlogged"":false}","roof"
13,75,0,minecraft:spruce_stairs,"{""facing"":""west"",""half"":""bottom"",""shape"":""straight"",""waterlogged"":false}","roof"
3,75,1,minecraft:spruce_stairs,"{""facing"":""east"",""half"":""bottom"",""shape"":""straight"",""waterlogged"":false}","roof"
13,75,1,minecraft:spruce_stairs,"{""facing"":""west"",""half"":""bottom"",""shape"":""straight"",""waterlogged"":false}","roof"
3,75,2,minecraft:spruce_stairs,"{""facing"":""east"",""half"":""bottom"",""shape"":""straight"",""waterlogged"":false}","roof"
13,75,2,minecraft:spruce_stairs,"{""facing"":""west"",""half"":""bottom"",""shape"":""straight"",""waterlogged"":false}","roof"
3,75,3,minecraft:spruce_stairs,"{""facing"":""east"",""half"":""bottom"",""shape"":""straight"",""waterlogged"":false}","roof"
13,75,3,minecraft:spruce_stairs,"{""facing"":""west"",""half"":""bottom"",""shape"":""straight"",""waterlogged"":false}","roof"
3,75,4,minecraft:spruce_stairs,"{""facing"":""east"",""half"":""bottom"",""shape"":""straight"",""waterlogged"":false}","roof"
13,75,4,minecraft:spruce_stairs,"{""facing"":""west"",""half"":""bottom"",""shape"":""straight"",""waterlogged"":false}","roof"
3,75,5,minecraft:spruce_stairs,"{""facing"":""east"",""half"":""bottom"",""shape"":""straight"",""waterlogged"":false}","roof"
13,75,5,minecraft:spruce_stairs,"{""facing"":""west"",""half"":""bottom"",""shape"":""straight"",""waterlogged"":false}","roof"
3,75,6,minecraft:spruce_stairs,"{""facing"":""east"",""half"":""bottom"",""shape"":""straight"",""waterlogged"":false}","roof"
13,75,6,minecraft:spruce_stairs,"{""facing"":""west"",""half"":""bottom"",""shape"":""straight"",""waterlogged"":false}","roof"
3,75,7,minecraft:spruce_stairs,"{""facing"":""east"",""half"":""bottom"",""shape"":""straight"",""waterlogged"":false}","roof"
13,75,7,minecraft:spruce_stairs,"{""facing"":""west"",""half"":""bottom"",""shape"":""straight"",""waterlogged"":false}","roof"
3,75,8,minecraft:spruce_stairs,"{""facing"":""east"",""half"":""bottom"",""shape"":""straight"",""waterlogged"":false}","roof"
13,75,8,minecraft:spruce_stairs,"{""facing"":""west"",""half"":""bottom"",""shape"":""straight"",""waterlogged"":false}","roof"
3,75,9,minecraft:spruce_stairs,"{""facing"":""east"",""half"":""bottom"",""shape"":""straight"",""waterlogged"":false}","roof"
13,75,9,minecraft:spruce_stairs,"{""facing"":""west"",""half"":""bottom"",""shape"":""straight"",""waterlogged"":false}","roof"
3,75,10,minecraft:spruce_stairs,"{""facing"":""east"",""half"":""bottom"",""shape"":""straight"",""waterlogged"":false}","roof"
13,75,10,minecraft:spruce_stairs,"{""facing"":""west"",""half"":""bottom"",""shape"":""straight"",""waterlogged"":false}","roof"
3,75,11,minecraft:spruce_stairs,"{""facing"":""east"",""half"":""bottom"",""shape"":""straight"",""waterlogged"":false}","roof"
13,75,11,minecraft:spruce_stairs,"{""facing"":""west"",""half"":""bottom"",""shape"":""straight"",""waterlogged"":false}","roof"
3,75,12,minecraft:spruce_stairs,"{""facing"":""east"",""half"":""bottom"",""shape"":""straight"",""waterlogged"":false}","roof"
13,75,12,minecraft:spruce_stairs,"{""facing"":""west"",""half"":""bottom"",""shape"":""straight"",""waterlogged"":false}","roof"
4,76,0,minecraft:spruce_stairs,"{""facing"":""east"",""half"":""bottom"",""shape"":""straight"",""waterlogged"":false}","roof"
12,76,0,minecraft:spruce_stairs,"{""facing"":""west"",""half"":""bottom"",""shape"":""straight"",""waterlogged"":false}","roof"
4,76,1,minecraft:spruce_stairs,"{""facing"":""east"",""half"":""bottom"",""shape"":""straight"",""waterlogged"":false}","roof"
12,76,1,minecraft:spruce_stairs,"{""facing"":""west"",""half"":""bottom"",""shape"":""straight"",""waterlogged"":false}","roof"
4,76,2,minecraft:spruce_stairs,"{""facing"":""east"",""half"":""bottom"",""shape"":""straight"",""waterlogged"":false}","roof"
12,76,2,minecraft:spruce_stairs,"{""facing"":""west"",""half"":""bottom"",""shape"":""straight"",""waterlogged"":false}","roof"
4,76,3,minecraft:spruce_stairs,"{""facing"":""east"",""half"":""bottom"",""shape"":""straight"",""waterlogged"":false}","roof"
12,76,3,minecraft:spruce_stairs,"{""facing"":""west"",""half"":""bottom"",""shape"":""straight"",""waterlogged"":false}","roof"
4,76,4,minecraft:spruce_stairs,"{""facing"":""east"",""half"":""bottom"",""shape"":""straight"",""waterlogged"":false}","roof"
12,76,4,minecraft:spruce_stairs,"{""facing"":""west"",""half"":""bottom"",""shape"":""straight"",""waterlogged"":false}","roof"
4,76,5,minecraft:spruce_stairs,"{""facing"":""east"",""half"":""bottom"",""shape"":""straight"",""waterlogged"":false}","roof"
12,76,5,minecraft:spruce_stairs,"{""facing"":""west"",""half"":""bottom"",""shape"":""straight"",""waterlogged"":false}","roof"
4,76,6,minecraft:spruce_stairs,"{""facing"":""east"",""half"":""bottom"",""shape"":""straight"",""waterlogged"":false}","roof"
12,76,6,minecraft:spruce_stairs,"{""facing"":""west"",""half"":""bottom"",""shape"":""straight"",""waterlogged"":false}","roof"
4,76,7,minecraft:spruce_stairs,"{""facing"":""east"",""half"":""bottom"",""shape"":""straight"",""waterlogged"":false}","roof"
12,76,7,minecraft:spruce_stairs,"{""facing"":""west"",""half"":""bottom"",""shape"":""straight"",""waterlogged"":false}","roof"
4,76,8,minecraft:spruce_stairs,"{""facing"":""east"",""half"":""bottom"",""shape"":""straight"",""waterlogged"":false}","roof"
12,76,8,minecraft:spruce_stairs,"{""facing"":""west"",""half"":""bottom"",""shape"":""straight"",""waterlogged"":false}","roof"
4,76,9,minecraft:spruce_stairs,"{""facing"":""east"",""half"":""bottom"",""shape"":""straight"",""waterlogged"":false}","roof"
12,76,9,minecraft:spruce_stairs,"{""facing"":""west"",""half"":""bottom"",""shape"":""straight"",""waterlogged"":false}","roof"
4,76,10,minecraft:spruce_stairs,"{""facing"":""east"",""half"":""bottom"",""shape"":""straight"",""waterlogged"":false}","roof"
12,76,10,minecraft:spruce_stairs,"{""facing"":""west"",""half"":""bottom"",""shape"":""straight"",""waterlogged"":false}","roof"
4,76,11,minecraft:spruce_stairs,"{""facing"":""east"",""half"":""bottom"",""shape"":""straight"",""waterlogged"":false}","roof"
12,76,11,minecraft:spruce_stairs,"{""facing"":""west"",""half"":""bottom"",""shape"":""straight"",""waterlogged"":false}","roof"
4,76,12,minecraft:spruce_stairs,"{""facing"":""east"",""half"":""bottom"",""shape"":""straight"",""waterlogged"":false}","roof"
12,76,12,minecraft:spruce_stairs,"{""facing"":""west"",""half"":""bottom"",""shape"":""straight"",""waterlogged"":false}","roof"
8,77,0,minecraft:spruce_stairs,"{""facing"":""north"",""half"":""bottom"",""shape"":""straight"",""waterlogged"":false}","roof ridge"
8,77,1,minecraft:spruce_stairs,"{""facing"":""north"",""half"":""bottom"",""shape"":""straight"",""waterlogged"":false}","roof ridge"
8,77,2,minecraft:spruce_stairs,"{""facing"":""north"",""half"":""bottom"",""shape"":""straight"",""waterlogged"":false}","roof ridge"
8,77,3,minecraft:spruce_stairs,"{""facing"":""north"",""half"":""bottom"",""shape"":""straight"",""waterlogged"":false}","roof ridge"
8,77,4,minecraft:spruce_stairs,"{""facing"":""north"",""half"":""bottom"",""shape"":""straight"",""waterlogged"":false}","roof ridge"
8,77,5,minecraft:spruce_stairs,"{""facing"":""north"",""half"":""bottom"",""shape"":""straight"",""waterlogged"":false}","roof ridge"
8,77,6,minecraft:spruce_stairs,"{""facing"":""north"",""half"":""bottom"",""shape"":""straight"",""waterlogged"":false}","roof ridge"
8,77,7,minecraft:spruce_stairs,"{""facing"":""north"",""half"":""bottom"",""shape"":""straight"",""waterlogged"":false}","roof ridge"
8,77,8,minecraft:spruce_stairs,"{""facing"":""north"",""half"":""bottom"",""shape"":""straight"",""waterlogged"":false}","roof ridge"
8,77,9,minecraft:spruce_stairs,"{""facing"":""north"",""half"":""bottom"",""shape"":""straight"",""waterlogged"":false}","roof ridge"
8,77,10,minecraft:spruce_stairs,"{""facing"":""north"",""half"":""bottom"",""shape"":""straight"",""waterlogged"":false}","roof ridge"
8,77,11,minecraft:spruce_stairs,"{""facing"":""north"",""half"":""bottom"",""shape"":""straight"",""waterlogged"":false}","roof ridge"
8,77,12,minecraft:spruce_stairs,"{""facing"":""north"",""half"":""bottom"",""shape"":""straight"",""waterlogged"":false}","roof ridge"